AnalysisID,Phenotype,Phenotype_short,Phecode,PhenotypeID,PGS,PGSCatalog_ID,PGS_Name,Notes,Is_Disease_Matched
T2D_MT,Type 2 Diabetes,T2D,250.2,MONDO_0005148,PGS002026,PGS002026,T2D,Primary disease score,True
T2D_MT,Type 2 Diabetes,T2D,250.2,MONDO_0005148,PGS002161,PGS002161,BMI,Major causal risk factor,False
T2D_MT,Type 2 Diabetes,T2D,250.2,MONDO_0005148,PGS002171,PGS002171,HbA1c,Glycaemic control,False
T2D_MT,Type 2 Diabetes,T2D,250.2,MONDO_0005148,PGS002170,PGS002170,FG,Glucose regulation,False
T2D_MT,Type 2 Diabetes,T2D,250.2,MONDO_0005148,PGS002197,PGS002197,TG,Metabolic risk,False
T1D_MT,Type 1 Diabetes,T1D,250.1,MONDO_0005147,PGS002025,PGS002025,T1D,"Primary T1D score",True
T1D_MT,Type 1 Diabetes,T1D,250.1,MONDO_0005147,PGS002171,PGS002171,HbA1c,"Glycaemic control",False
T1D_MT,Type 1 Diabetes,T1D,250.1,MONDO_0005147,PGS002170,PGS002170,FG,"Glucose regulation",False
T1D_MT,Type 1 Diabetes,T1D,250.1,MONDO_0005147,PGS002024,PGS002024,HYPO,"Hypothyroidism (autoimmune proxy)",False
T1D_MT,Type 1 Diabetes,T1D,250.1,MONDO_0005147,PGS002161,PGS002161,BMI,"Body mass index (contrast with T2D)",False
CAD_MT,Coronary Artery Disease,CAD,411,MONDO_0004989,PGS002048,PGS002048,CAD,Primary CAD proxy,True
CAD_MT,Coronary Artery Disease,CAD,411,MONDO_0004989,PGS002150,PGS002150,LDL,Lipid risk factor,False
CAD_MT,Coronary Artery Disease,CAD,411,MONDO_0004989,PGS002228,PGS002228,SBP,Blood pressure,False
CAD_MT,Coronary Artery Disease,CAD,411,MONDO_0004989,PGS002161,PGS002161,BMI,Obesity,False
CAD_MT,Coronary Artery Disease,CAD,411,MONDO_0004989,PGS002197,PGS002197,TG,Triglycerides,False
HTN_MT,Hypertension,HTN,401.1,MONDO_0005044,PGS002047,PGS002047,HTN,Primary disease score,True
HTN_MT,Hypertension,HTN,401.1,MONDO_0005044,PGS002228,PGS002228,SBP,Systolic blood pressure,False
HTN_MT,Hypertension,HTN,401.1,MONDO_0005044,PGS002114,PGS002114,DBP,Diastolic blood pressure,False
HTN_MT,Hypertension,HTN,401.1,MONDO_0005044,PGS002161,PGS002161,BMI,Obesity,False
HTN_MT,Hypertension,HTN,401.1,MONDO_0005044,PGS002126,PGS002126,SMK,Smoking initiation proxy (ever smoked),False
HF_MT,Heart Failure,HF,428,MONDO_0005009,PGS002051,PGS002051,HF,Primary disease score,True
HF_MT,Heart Failure,HF,428,MONDO_0005009,PGS002048,PGS002048,CAD,Upstream ischemic heart disease risk,False
HF_MT,Heart Failure,HF,428,MONDO_0005009,PGS002050,PGS002050,AF,Arrhythmia risk,False
HF_MT,Heart Failure,HF,428,MONDO_0005009,PGS002047,PGS002047,HTN,Blood pressure / vascular risk,False
HF_MT,Heart Failure,HF,428,MONDO_0005009,PGS002161,PGS002161,BMI,Obesity,False
AF_MT,Atrial Fibrillation,AF,427.2,MONDO_0004981,PGS002050,PGS002050,AF,Primary disease score,True
AF_MT,Atrial Fibrillation,AF,427.2,MONDO_0004981,PGS002146,PGS002146,HEIGHT,Height,False
AF_MT,Atrial Fibrillation,AF,427.2,MONDO_0004981,PGS002047,PGS002047,HTN,Hypertension,False
AF_MT,Atrial Fibrillation,AF,427.2,MONDO_0004981,PGS002161,PGS002161,BMI,Obesity,False
AF_MT,Atrial Fibrillation,AF,427.2,MONDO_0004981,PGS002048,PGS002048,CAD,Coronary Artery Disease,False
STR_MT,Stroke,STR,433,MONDO_0005336,PGS002053,PGS002053,STR_433,Broad cerebrovascular disease proxy,True
STR_MT,Stroke,STR,433,MONDO_0005336,PGS002052,PGS002052,STR_433.1,Occlusion and stenosis of precerebral arteries,False
STR_MT,Stroke,STR,433,MONDO_0005336,PGS002050,PGS002050,AF,Cardioembolic risk,False
STR_MT,Stroke,STR,433,MONDO_0005336,PGS002228,PGS002228,SBP,Strong risk factor,False
STR_MT,Stroke,STR,433,MONDO_0005336,PGS002026,PGS002026,T2D,Type 2 diabetes,False
DEM_MT,Dementia,DEM,290,MONDO_0001627,PGS002035,PGS002035,DEM,Primary disease score,True
DEM_MT,Dementia,DEM,290,MONDO_0001627,PGS003768,PGS003768,HDL,HDL Cholesterol,False
DEM_MT,Dementia,DEM,290,MONDO_0001627,PGS002053,PGS002053,STR_433,Vascular contribution,False
DEM_MT,Dementia,DEM,290,MONDO_0001627,PGS002047,PGS002047,HTN,Vascular risk,False
DEM_MT,Dementia,DEM,290,MONDO_0001627,PGS002026,PGS002026,T2D,Type 2 diabetes,False
GOUT_MT,Gout,GOUT,274.1,MONDO_0005238,PGS002030,PGS002030,GOUT,Primary disease score,True
GOUT_MT,Gout,GOUT,274.1,MONDO_0005238,PGS002229,PGS002229,URATE,Primary causal driver,False
GOUT_MT,Gout,GOUT,274.1,MONDO_0005238,PGS002161,PGS002161,BMI,Obesity,False
GOUT_MT,Gout,GOUT,274.1,MONDO_0005238,PGS002197,PGS002197,TG,Metabolic risk,False
GOUT_MT,Gout,GOUT,274.1,MONDO_0005238,PGS002047,PGS002047,HTN,Common comorbidity,False
ASTHMA_MT,Asthma,ASTHMA,495,MONDO_0004979,PGS002061,PGS002061,ASTHMA,Primary disease score,True
ASTHMA_MT,Asthma,ASTHMA,495,MONDO_0004979,PGS002167,PGS002167,EOS,Eosinophils,False
ASTHMA_MT,Asthma,ASTHMA,495,MONDO_0004979,PGS002097,PGS002097,ALLERGY,Drug allergy / atopy proxy,False
ASTHMA_MT,Asthma,ASTHMA,495,MONDO_0004979,PGS002161,PGS002161,BMI,Obesity,False
ASTHMA_MT,Asthma,ASTHMA,495,MONDO_0004979,PGS002126,PGS002126,SMK,Smoking exposure proxy (ever smoked),False
